No of requests,Resource Access Delay,Throughput
10,2.766908699999999,0.361414165924593
20,2.6205941999999998,0.3815928463857548
30,2.593514499999999,0.38557268249418536
40,2.5677053000000005,0.38944862934041713
50,2.5626298200000006,0.3902241331133811
75,2.5865891466666664,0.38660553075810405
100,2.5771124999999997,0.3880295341074507
