No of requests,Resource Access Delay,Throughput
10,0.30489639999999996,3.279802582122977
20,0.15220579999999997,6.5700518639894145
30,0.10367626666666666,9.645409042506675
40,0.0877454,11.39660882507801
50,0.09365383999999999,10.677618771424642
75,0.12279225333333336,8.143836218115387
100,0.09206818999999998,10.861514709912296
