No of requests,Resource Access Delay,Throughput
10,0.794948,1.2579439158284567
20,0.65598225,1.524431491858202
30,0.6125090999999999,1.6326288050251008
40,0.594381925,1.6824199356331369
50,0.5833486,1.7142408501537503
75,0.6148947866666665,1.626294484331184
100,0.5983095799999998,1.671374873974156
