No of requests,Resource Access Delay,Throughput
10,1.2961748,0.7715008808997058
20,1.1713325500000002,0.8537285162953937
30,1.1193679666666667,0.8933612804535322
40,1.096073225,0.9123478041350751
50,1.0818925200000002,0.9243062333031011
75,1.1196458266666671,0.8931395769831357
100,1.0975988799999998,0.9110796468742752
