No of requests,Resource Access Delay,Throughput
10,5.204346,0.19214710167233306
20,5.120936900000001,0.19527676664010446
30,5.084277133333334,0.19668479388030213
40,5.072109675,0.19715662004094972
50,5.0616536000000005,0.19756389492951473
75,5.092054626666666,0.19638386347310022
100,5.064776359999999,0.19744208409628575
