No of requests,Resource Access Delay,Throughput
10,1.2087838,0.8272777977335567
20,1.2092593500000002,0.8269524647462929
30,1.2171611,0.821583930015509
40,1.2171209250000001,0.8216110490418197
50,1.2182971400000002,0.8208178178929322
75,1.2217314533333337,0.8185104813923156
100,1.21869865,0.8205136620652944
