No of requests,Resource Access Delay,Throughput
10,1.1028847999999998,0.9067130130000884
20,1.10414785,0.9056758114413753
30,1.0970638,0.9115240152851638
40,1.0966906249999997,0.9118341829538299
50,1.1346492400000003,0.881329634522119
75,1.1260141999999997,0.888088267448137
100,1.1284856200000002,0.8861415429101326
