No of requests,Resource Access Delay,Throughput
10,0.2210617,4.523623947522343
20,0.2028139,4.930628522009586
30,0.19898966666666668,5.025386577862502
40,0.22074285000000002,4.5301580549494584
50,0.24874236000000002,4.020223977934438
75,0.2547065466666668,3.923970405101287
100,0.23027939999999997,4.342547437336823
