No of requests,Resource Access Delay,Throughput
10,0.137994,7.246691885154427
20,0.16069945000000002,6.220857227905149
30,0.1230148,8.129103164822444
40,0.11554505,8.654632976488392
50,0.11235042,8.899148618451672
75,0.11446427999999997,8.735308957395452
100,0.11317617999999997,8.835781522224906
