No of requests,Resource Access Delay,Throughput
10,2.6272495,0.3806262024219626
20,2.6358416500000006,0.3793854611865625
30,2.6315146999999994,0.380009277546502
40,2.6310192999999997,0.3800808302698501
50,2.6340826600000002,0.3796388075384088
75,2.6330122533333324,0.37979314328447306
100,2.6312864,0.3800422485366853
