No of requests,Resource Access Delay,Throughput
10,2.6291052999999995,0.3803575307539032
20,2.6322877,0.37989768367644616
30,2.6479437,0.377651533905347
40,2.6574901,0.3762949107505612
50,2.7784801600000004,0.3599089942754891
75,2.652314173333334,0.37702924112615055
100,2.6776621500000015,0.37346010959597725
