No of requests,Resource Access Delay,Throughput
10,0.6006267000000001,1.6649276497365169
20,0.6001735000000001,1.666046480864165
30,0.6186155333333334,1.6164207659636098
40,0.596571875,1.6762439563547982
50,0.60124482,1.6632159924471366
75,0.5989534666666665,1.669578783081869
100,0.6025730100000001,1.659549935699908
