No of requests,Resource Access Delay,Throughput
10,5.306983499999999,0.1884309608273702
20,5.227690750000001,0.1912890505238857
30,5.158718966666668,0.19384533689243713
40,5.1662127,0.19356539462651237
50,5.17282248,0.19331805873222235
75,5.163205640000002,0.19367812745106933
100,5.155440209999999,0.1939698569406937
