No of requests,Resource Access Delay,Throughput
10,0.7385991,1.3539144577890767
20,0.7259444499999999,1.377419385497399
30,0.7259057,1.3775894031414824
40,0.7370738499999999,1.356716155375747
50,0.7381962400000002,1.3546533371668217
75,0.7366569066666668,1.3574840484764432
100,0.7195622899999996,1.3896463619600208
