No of requests,Resource Access Delay,Throughput
10,0.1263301,7.915769875904475
20,0.12431860000000002,8.043848627638987
30,0.12251636666666668,8.162174795149818
40,0.12861942500000004,7.774875373607058
50,0.13348696000000002,7.490241713096178
75,0.1331824133333334,7.508498869870807
100,0.13042055000000008,7.6675033190705
