No of requests,Resource Access Delay,Throughput
10,5.1239551,0.1951617413665471
20,5.128827599999999,0.19497633338270132
30,5.1320510000000015,0.19485387031422718
40,5.130644299999998,0.19490536952062718
50,5.130090280000001,0.19492834344427953
75,5.130672826666667,0.1949062108974287
100,5.133815380000001,0.19478690330309464
