No of requests,Resource Access Delay,Throughput
10,5.187531299999999,0.19276992121474043
20,5.174541749999999,0.193253827742331
30,5.185307199999999,0.19285260475984914
40,5.17879275,0.19309519578670145
50,5.177782139999998,0.19313288449791746
75,5.18420292,0.19289368403040827
100,5.17977435,0.19305860302582487
