No of requests,Resource Access Delay,Throughput
10,2.7156022999999996,0.36824243373192017
20,2.7222262000000006,0.36734640199995133
30,2.7014309666666665,0.3701741826236315
40,2.6934188500000005,0.3712753402613188
50,2.70897612,0.3691431580430469
75,2.71866764,0.36782723466705186
100,2.8404778600000005,0.35205168062343284
