No of requests,Resource Access Delay,Throughput
10,0.6548828,1.5269907836944259
20,0.6483475000000001,1.542382749991324
30,0.6430732666666665,1.5550327650587041
40,0.63965985,1.5633308859388315
50,0.64262952,1.5561065417598618
75,0.6404731066666668,1.56134580763974
100,0.63797749,1.5674288780714003
