No of requests,Resource Access Delay,Throughput
10,1.1328259999999999,0.8827481007674611
20,1.13930985,0.8777243521593358
30,1.1391092,0.8778789601558832
40,1.1347222499999998,0.8812729282430127
50,1.1406802200000001,0.8766698873764989
75,1.1489051466666664,0.8703827515112833
100,1.1423245399999997,0.8754079641850292
