No of requests,Resource Access Delay,Throughput
10,5.0329605,0.19844572151322087
20,5.02933655,0.1985983366316876
30,5.030216033333334,0.19856440976394948
40,5.027531900000001,0.1987133143986371
50,5.029412259999999,0.19861323946161924
75,5.03012104,0.1985732979820616
100,5.02942861,0.19863595655725164
