No of requests,Resource Access Delay,Throughput
10,2.5342618,0.39388374174744634
20,2.5262629499999996,0.394965493345967
30,2.530821766666667,0.3942975479437232
40,2.5285197750000004,0.3946884603109425
50,2.5278895199999996,0.3946982676203608
75,2.526908506666667,0.39488221487517833
100,2.531157750000001,0.39409425327621883
