No of requests,Resource Access Delay,Throughput
10,0.1699445,5.8842739835652225
20,0.1577734,6.338204031858349
30,0.18108546666666664,5.522254316746199
40,0.165623625,6.0377859740722375
50,0.14109728,7.087308841105937
75,0.13997498666666666,7.144133561386777
100,0.1429958299999999,6.992230513143015
