No of requests,Resource Access Delay,Throughput
10,1.0316987000000002,0.9628345850182939
20,1.0341680500000003,0.9602781887501682
30,1.0605721666666665,0.9321093784371535
40,1.0293797000000002,0.9653624571602308
50,1.0300113399999997,0.9646260998305056
75,1.028027666666667,0.9674021838369073
100,1.02812381,0.9677330698002637
