No of requests,Resource Access Delay,Throughput
10,0.5307434999999999,1.8596243930650886
20,0.5322435,1.8539311729905958
30,0.5295334333333334,1.867762420620097
40,0.5260601,1.8835329634984967
50,0.5287556000000001,1.873198334426969
75,0.5246926000000001,1.8882207552621189
100,0.5275509899999998,1.8758934059589218
